technique_id,run_index,raw_text,elapsed_s,error,coverage,format_ok,matched
zero_shot,0,"Based on the provided text, the key risks related to cyber attacks on JPMorganChase are:

* **System Infiltration and Malware:** The introduction of computer viruses or malicious code into the firm's systems.
* **Data Compromise:** Unauthorized access to confidential information belonging to the bank, its clients, customers, counterparties, or employees, as well as the manipulation or destruction of data.
* **Operational Disruption:** Disruption, sabotage, or degradation of services and websites, including online banking platforms.
* **Financial Loss and Extortion:** Direct theft of money or extortion through the use of ransomware.
* **Diverse Threat Sources:** Attacks originating from well-resourced or motivated actors, including state-sponsored groups/terrorists, cyber-criminals, and hacktivists.
* **Invevitability of Future Breaches:** Past security breaches indicate that future attacks and resulting serious, harmful consequences for the bank and its stakeholders are inevitable.",1.25,,0.9,True,"data_manipulation,malware,past_and_future_breaches,ransomware,serious_consequences,service_disruption,theft_of_money,threat_actors,unauthorized_access"
zero_shot,1,"Based on the provided section of the annual report, the key risks JPMorganChase faces regarding cyber attacks can be summarized as follows:

*   **Frequency and Inevitability:** The firm constantly faces numerous cyber attacks, and past security breaches indicate that future breaches are inevitable.
*   **Adverse Impacts and Objectives:** Cyber attacks aim to (and could successfully) introduce malware, gain unauthorized access to confidential data, manipulate or destroy data, disrupt online and banking services, steal funds, or extort money through ransomware. 
*   **Diverse Threat Actors:** Attacks are perpetrated by sophisticated and varied sources, including state-sponsored groups, hostile countries, terrorist organizations, cyber-criminals, and hacktivists.
*   **Potential Harm:** A successful attack could cause significant, serious, and harmful consequences for both JPMorganChase and its clients, customers, counterparties, and employees.",1.33,,1.0,True,"data_manipulation,frequent_attacks,malware,past_and_future_breaches,ransomware,serious_consequences,service_disruption,theft_of_money,threat_actors,unauthorized_access"
zero_shot,2,"Based on the provided text, the key risks to JPMorganChase and its clients and customers are:

* **Frequency and Inevitability of Attacks:** The firm constantly faces numerous cyber attacks, and future security breaches are inevitable.
* **Malicious System Disruption:** Attacks can introduce malware, manipulate or destroy data, and disrupt, sabotage, or degrade online banking and other services.
* **Data and Financial Theft:** Threat actors can gain unauthorized access to confidential information (belonging to the bank, clients, customers, counterparties, or employees), steal money, or extort funds using ransomware.
* **Diverse and Dangerous Threat Actors:** Attacks may originate from sophisticated or hostile sources, including state-sponsored groups, terrorists, cyber-criminals, and hacktivists.
* **Severe Consequences:** Any successful breach or attack risks causing significant, serious, and harmful outcomes for both the institution and its stakeholders.",1.36,,0.9,True,"data_manipulation,frequent_attacks,malware,past_and_future_breaches,ransomware,service_disruption,theft_of_money,threat_actors,unauthorized_access"
zero_shot,3,"Based on the provided text, the key risks to JPMorganChase and its clients/customers are:

* **Pervasive Threat:** The firm constantly experiences numerous cyber attacks, and future security breaches are acknowledged as inevitable.
* **Malicious System Intrusions:** Attacks may introduce viruses/malware or achieve unauthorized access to the firm's systems and confidential data (belonging to the firm, clients, customers, counterparties, or employees).
* **Operational Disruption and Data Compromise:** Cyber threats can manipulate or destroy data, as well as disrupt, sabotage, or degrade online banking and other services.
* **Financial Loss and Extortion:** Attacks can directly result in the theft of money or the extortion of funds through ransomware.
* **Diverse and Dangerous Threat Actors:** Perpetrators include state-sponsored groups, terrorists, cyber-criminals, and politically or socially motivated hacktivists.
* **Harmful Consequences:** Any successful attack or breach has the potential to cause significant, serious harm to the firm and its stakeholders.",1.35,,1.0,True,"data_manipulation,frequent_attacks,malware,past_and_future_breaches,ransomware,serious_consequences,service_disruption,theft_of_money,threat_actors,unauthorized_access"
zero_shot,4,"Based on the provided text, the key cyber security risks facing JPMorganChase are summarized as follows:

* **Frequency and Inevitability:** The firm constantly faces numerous cyber attacks and past security breaches indicate that future breaches are inevitable.
* **Adverse Impacts and Objectives of Attacks:** Attackers may successfully:
    * Introduce malware or computer viruses.
    * Gain unauthorized access to confidential data (belonging to the firm, clients, customers, counterparties, or employees).
    * Manipulate, steal, or destroy data/money.
    * Disrupt, sabotage, or degrade online banking and other technological services.
    * Extort money using ransomware.
* **Diverse Threat Actors:** Attacks are launched by hostile nation-states or terrorists, cyber-criminals, and hacktivists pursuing political or social agendas. 
* **Overall Consequence:** Any successful cyber attack or security breach has the potential to cause significant harm and serious, harmful consequences to both JPMorganChase and its clients and customers.",1.43,,0.9,True,"data_manipulation,frequent_attacks,malware,past_and_future_breaches,ransomware,serious_consequences,service_disruption,threat_actors,unauthorized_access"
few_shot_2,0,"Key risks:
- Cybersecurity risk: frequent cyber attacks (including malware, data theft, service disruption, and ransomware from state-sponsored, criminal, or activist threat actors) could harm the firm and its clients, with future breaches considered inevitable",1.02,,0.6,False,"frequent_attacks,malware,past_and_future_breaches,ransomware,service_disruption,threat_actors"
few_shot_2,1,"Key risks:
- Cybersecurity risk: frequent cyber attacks (from state-sponsored groups, criminals, and hacktivists) targeting systems, software, and networks could introduce malware, breach confidential data, destroy data, disrupt online banking services, result in theft, or involve ransomware extortion
- Historical and inevitable breach risk: past security breaches and the inevitability of future ones could cause significant harm and serious consequences to the firm, its clients, and customers",2.85,,0.8,True,"data_manipulation,frequent_attacks,malware,past_and_future_breaches,ransomware,serious_consequences,service_disruption,threat_actors"
few_shot_2,2,"Key risks:
- Cybersecurity risk: frequent cyber attacks (from nation-states, criminals, and hacktivists) could introduce malware, breach confidential data, destroy systems, disrupt online banking, or result in theft and ransomware
- Operational and breach risk: past security incidents and inevitable future breaches could cause serious harm and negative consequences for the firm, its clients, and customers",1.03,,0.6,True,"frequent_attacks,malware,past_and_future_breaches,ransomware,service_disruption,threat_actors"
few_shot_2,3,"Key risks:
- Cybersecurity risk: ongoing cyber attacks (from nation-states, criminals, and hacktivists) target systems and data, with inevitable future breaches threatening severe harm, financial loss, and service disruption",1.02,,0.4,False,"frequent_attacks,past_and_future_breaches,service_disruption,threat_actors"
few_shot_2,4,"Key risks:
- Cybersecurity risk: ongoing cyber attacks and inevitable future breaches could harm systems, steal or destroy data, disrupt online services, and compromise confidential information of the firm and its clients
- Financial and operational disruption risk: attacks involving malware, theft, ransomware extortion, and actions by nation-states, criminals, or hacktivists could cause serious harm and material liabilities",1.23,,0.8,True,"data_manipulation,frequent_attacks,malware,past_and_future_breaches,ransomware,service_disruption,threat_actors,unauthorized_access"
few_shot_5,0,"Key risks:
- Cybersecurity risk: continuous cyber attacks and inevitable future breaches (from state-sponsored actors, criminals, and hacktivists) could introduce malware, unauthorized data access, data destruction, service disruptions, financial theft, or ransomware demands",1.13,,0.6,False,"malware,past_and_future_breaches,ransomware,service_disruption,theft_of_money,threat_actors"
few_shot_5,1,"Key risks:
- Cybersecurity risk: frequent cyber attacks from state-sponsored actors, criminals, and hacktivists threaten systems, data, and services, with inevitable future breaches potentially causing financial loss, data theft, and operational disruption",0.94,,0.4,False,"frequent_attacks,past_and_future_breaches,service_disruption,threat_actors"
few_shot_5,2,"Key risks:
- Cybersecurity risk: frequent cyber attacks from hostile states, criminals, and hacktivists could cause data breaches, theft, extortion, system disruption, and inevitable future security breaches",0.81,,0.6,False,"frequent_attacks,past_and_future_breaches,ransomware,service_disruption,threat_actors,unauthorized_access"
few_shot_5,3,"Key risks:
- Cybersecurity risk: frequent cyber attacks from state-sponsored actors, criminals, and hacktivists could lead to unauthorized access, data loss/destruction, service disruption, theft, or extortion, with inevitable future breaches causing serious harm",1.01,,0.6,False,"frequent_attacks,past_and_future_breaches,ransomware,service_disruption,threat_actors,unauthorized_access"
few_shot_5,4,"Key risks:
- Cybersecurity risk: frequent cyber attacks from nation-states, criminals, and hacktivists could introduce malware, breach confidential data, destroy systems, steal or extort funds, and disrupt online services",0.92,,0.5,False,"frequent_attacks,malware,ransomware,service_disruption,threat_actors"
chain_of_thought,0,"**Step 1: Risk-related statements (verbatim)**
- ""A successful cyber attack could cause significant harm to JPMorganChase and its clients and customers.""
- ""JPMorganChase experiences numerous cyber attacks on its computer systems, software, networks and other technology assets.""
- ""Cyber attacks could take many forms, and may be designed to: introduce computer viruses or malicious code ('malware') into JPMorganChase's systems""
- ""obtain unauthorized access to JPMorganChase's systems or to confidential information belonging to JPMorganChase or its clients, customers, counterparties or employees""
- ""manipulate or destroy data""
- ""disrupt, sabotage or degrade service on JPMorganChase's systems and websites, including those that provide online banking and other services""
- ""steal money, or""
- ""extort money through the use of so-called 'ransomware.'""
- ""Threat actors that perpetrate cyber attacks include individuals or groups that are: sponsored by, or acting on behalf of, hostile countries or terrorist organizations""
- ""cyber-criminals, or""
- ""engaged in using technology to promote a political or social agenda (i.e., 'hacktivists').""
- ""JPMorganChase has experienced security breaches due to cyber attacks in the past, and future breaches are inevitable.""
- ""Any such breach could result in serious and harmful consequences for JPMorganChase or its clients and customers.""

**Step 2: Group related statements into themes**
- *Theme 1: Operational and Strategic Threat Landscape (Frequency and Inevitability)* - Experiencing numerous attacks, past breaches, and the inevitability of future breaches.
- *Theme 2: Nature and Objectives of Cyber Attacks* - Malware, unauthorized access/data theft, data manipulation/destruction, service disruption, money theft, and ransomware extortion.
- *Theme 3: Sources of Threat Actors* - Hostile nation-states/terrorists, cyber-criminals, and hacktivists.
- *Theme 4: Overall Impact* - Significant harm and serious consequences for the firm and its clients, customers, counterparties, and employees.

**Step 3: Final bullet-point summary**

Final Summary:
- **Inevitability of Breaches:** JPMorganChase faces frequent cyber attacks and considers future security breaches to be inevitable, despite past incidents.
- **Diverse Attack Methods and Objectives:** Attacks aim to introduce malware, gain unauthorized access, steal or manipulate data, degrade online services, steal funds, and execute ransomware extortion.
- **Widespread Threat Sources:** The firm is targeted by a variety of threat actors, including state-sponsored groups, terrorists, cyber-criminals, and hacktivists.
- **Severe Consequences:** Successful attacks pose significant risks of serious harm to the bank, its clients, customers, counterparties, and employees.",2.4,,0.8,True,"data_manipulation,frequent_attacks,malware,past_and_future_breaches,ransomware,theft_of_money,threat_actors,unauthorized_access"
chain_of_thought,1,"**Risk-related statements (verbatim):**
- ""A successful cyber attack could cause significant harm to JPMorganChase and its clients and customers.""
- ""JPMorganChase experiences numerous cyber attacks on its computer systems, software, networks and other technology assets.""
- ""Cyber attacks could take many forms, and may be designed to: introduce computer viruses or malicious code ('malware') into JPMorganChase's systems""
- ""obtain unauthorized access to JPMorganChase's systems or to confidential information belonging to JPMorganChase or its clients, customers, counterparties or employees""
- ""manipulate or destroy data""
- ""disrupt, sabotage or degrade service on JPMorganChase's systems and websites, including those that provide online banking and other services""
- ""steal money""
- ""extort money through the use of so-called 'ransomware.'""
- ""Threat actors that perpetrate cyber attacks include individuals or groups that are: sponsored by, or acting on behalf of, hostile countries or terrorist organizations""
- ""cyber-criminals""
- ""engaged in using technology to promote a political or social agenda (i.e., 'hacktivists').""
- ""JPMorganChase has experienced security breaches due to cyber attacks in the past, and future breaches are inevitable.""
- ""Any such breach could result in serious and harmful consequences for JPMorganChase or its clients and customers.""

**Themes:**
1. *Frequency and Inevitability:* Constant occurrence of attacks and the certainty of future breaches causing harm.
2. *Impacts and Objectives of Attacks:* Malware introduction, data theft/unauthorized access, data manipulation/destruction, service disruption, financial theft, and ransomware extortion.
3. *Sources of Threat:* Nation-states/terrorist organizations, cyber-criminals, and hacktivists.

Final Summary:
- **Inevitable Breaches:** JPMorganChase faces frequent cyber attacks and considers future security breaches inevitable, which could cause significant harm to the firm and its clients.
- **Adverse Objectives and Impacts:** Attacks aim to introduce malware, gain unauthorized access to confidential information, manipulate or destroy data, disrupt online banking services, steal funds, and extort money via ransomware.
- **Diverse Threat Actors:** The bank faces threats from a wide range of actors, including state-sponsored groups, terrorists, cyber-criminals, and political/social hacktivists.",2.19,,1.0,True,"data_manipulation,frequent_attacks,malware,past_and_future_breaches,ransomware,serious_consequences,service_disruption,theft_of_money,threat_actors,unauthorized_access"
chain_of_thought,2,"**Step 1: Risk-related statements noticed verbatim**
- ""A successful cyber attack could cause significant harm to JPMorganChase and its clients and customers.""
- ""JPMorganChase experiences numerous cyber attacks on its computer systems, software, networks and other technology assets.""
- ""Cyber attacks could take many forms, and may be designed to: introduce computer viruses or malicious code ('malware') into JPMorganChase's systems""
- ""obtain unauthorized access to JPMorganChase's systems or to confidential information belonging to JPMorganChase or its clients, customers, counterparties or employees""
- ""manipulate or destroy data""
- ""disrupt, sabotage or degrade service on JPMorganChase's systems and websites, including those that provide online banking and other services""
- ""steal money, or""
- ""extort money through the use of so-called 'ransomware.'""
- ""Threat actors that perpetrate cyber attacks include individuals or groups that are: sponsored by, or acting on behalf of, hostile countries or terrorist organizations""
- ""cyber-criminals, or""
- ""engaged in using technology to promote a political or social agenda (i.e., 'hacktivists').""
- ""JPMorganChase has experienced security breaches due to cyber attacks in the past, and future breaches are inevitable.""
- ""Any such breach could result in serious and harmful consequences for JPMorganChase or its clients and customers.""

**Step 2: Grouping related statements into themes**
- *Theme 1: Threat Frequency and Inevitability* (Experiencing numerous attacks; past breaches mean future breaches are inevitable; potential for significant harm).
- *Theme 2: Adverse Impacts and Objectives of Attacks* (Malware introduction, unauthorized access/data theft, data manipulation/destruction, service disruption/sabotage, financial theft, and ransomware extortion).
- *Theme 3: Sources of Threats* (Nation-states/terrorists, cyber-criminals, and hacktivists).

Final Summary:
- **Inevitability of Breaches:** JPMorganChase faces frequent cyber attacks and considers future security breaches inevitable, which could cause significant harm to the firm, its clients, and customers.
- **Diverse Attack Objectives:** Attacks are designed to deploy malware, breach confidential data, manipulate or destroy data, disrupt online and banking services, steal funds, and extort money via ransomware.
- **Widespread Threat Sources:** Perpetrators include hostile nation-states, terrorist organizations, cyber-criminals, and politically or socially motivated hacktivists.",2.18,,0.9,True,"data_manipulation,frequent_attacks,malware,past_and_future_breaches,ransomware,serious_consequences,service_disruption,theft_of_money,threat_actors"
chain_of_thought,3,"Step 1: List every risk-related statement verbatim from the text.
- ""A successful cyber attack could cause significant harm to JPMorganChase and its clients and customers.""
- ""JPMorganChase experiences numerous cyber attacks on its computer systems, software, networks and other technology assets.""
- ""Cyber attacks could take many forms, and may be designed to: introduce computer viruses or malicious code (\""malware\"") into JPMorganChase's systems""
- ""obtain unauthorized access to JPMorganChase's systems or to confidential information belonging to JPMorganChase or its clients, customers, counterparties or employees""
- ""manipulate or destroy data""
- ""disrupt, sabotage or degrade service on JPMorganChase's systems and websites, including those that provide online banking and other services""
- ""steal money, or""
- ""extort money through the use of so-called 'ransomware.'""
- ""Threat actors that perpetrate cyber attacks include individuals or groups that are: sponsored by, or acting on behalf of, hostile countries or terrorist organizations""
- ""cyber-criminals, or""
- ""engaged in using technology to promote a political or social agenda (i.e., 'hacktivists').""
- ""JPMorganChase has experienced security breaches due to cyber attacks in the past, and future breaches are inevitable.""
- ""Any such breach could result in serious and harmful consequences for JPMorganChase or its clients and customers.""

Step 2: Group related statements into themes.
- **Frequency and Inevitability:** Constant attacks are experienced, and future breaches are inevitable (having occurred in the past).
- **Adversaries/Threat Actors:** Attacks come from nation-states/terrorists, cyber-criminals, and hacktivists.
- **Nature and Impact of Attacks:** Attacks involve malware, unauthorized access/data theft, data manipulation/destruction, service disruption (online banking), financial theft, and ransomware extortion, leading to significant harm for the bank and its clients/customers.

Step 3: Write the final summary.

Final Summary:
- **Inevitable Breaches:** JPMorganChase faces frequent cyber attacks on its technology assets, and past and future security breaches are inevitable.
- **Diverse Threat Actors:** Attacks are perpetrated by various actors, including state-sponsored or terrorist groups, cyber-criminals, and hacktivists.
- **Severe Operational and Financial Impacts:** Cyber attacks—ranging from malware and unauthorized data access to service disruptions, ransomware, and data manipulation—can lead to financial theft, extortion, and significant harm to both the firm and its stakeholders.",2.0,,0.8,True,"frequent_attacks,malware,past_and_future_breaches,ransomware,serious_consequences,service_disruption,theft_of_money,threat_actors"
chain_of_thought,4,"**Verbatim Risk-Related Statements:**
1. ""A successful cyber attack could cause significant harm to JPMorganChase and its clients and customers.""
2. ""JPMorganChase experiences numerous cyber attacks on its computer systems, software, networks and other technology assets.""
3. ""Cyber attacks could take many forms, and may be designed to: introduce computer viruses or malicious code ('malware') into JPMorganChase's systems""
4. ""obtain unauthorized access to JPMorganChase's systems or to confidential information belonging to JPMorganChase or its clients, customers, counterparties or employees""
5. ""manipulate or destroy data""
6. ""disrupt, sabotage or degrade service on JPMorganChase's systems and websites, including those that provide online banking and other services""
7. ""steal money""
8. ""or extort money through the use of so-called 'ransomware.'""
9. ""Threat actors that perpetrate cyber attacks include individuals or groups that are: sponsored by, or acting on behalf of, hostile countries or terrorist organizations""
10. ""cyber-criminals""
11. ""or engaged in using technology to promote a political or social agenda (i.e., 'hacktivists').""
12. ""JPMorganChase has experienced security breaches due to cyber attacks in the past, and future breaches are inevitable.""
13. ""Any such breach could result in serious and harmful consequences for JPMorganChase or its clients and customers.""

**Thematic Grouping:**
* **Frequency and Inevitability:** Continuous exposure to attacks and the certainty of future breaches (Statements 2, 12).
* **Adversaries / Threat Actors:** Hostile nation-states/terrorists, cyber-criminals, and hacktivists (Statements 9, 10, 11).
* **Attack Objectives / Methods:** Malware introduction, unauthorized access to systems/confidential data, data manipulation/destruction, service disruption/sabotage, theft, and ransomware extortion (Statements 3, 4, 5, 6, 7, 8).
* **Potential Impact:** Significant harm, serious consequences, and damage to JPMorganChase, its clients, customers, counterparties, and employees (Statements 1, 4, 13).

Final Summary:
* **Inevitable Security Breaches:** JPMorganChase faces continuous cyber attacks on its technology assets, making future security breaches inevitable despite past incidents.
* **Diverse Threat Actors:** Attacks are perpetrated by a wide range of actors, including state-sponsored groups, terrorists, cyber-criminals, and hacktivists.
* **Varied Attack Methods and Objectives:** Threat actors utilize diverse methods—such as malware, ransomware, unauthorized access, and service sabotage—to steal or extort money, manipulate data, and compromise confidential information.
* **Severe Potential Impact:** Successful cyber attacks can cause significant and serious harm to JPMorganChase, its operations, employees, and its clients, customers, and counterparties.",2.39,,0.7,True,"data_manipulation,malware,past_and_future_breaches,ransomware,service_disruption,threat_actors,unauthorized_access"
role_prompting,0,"**MEMORANDUM**

**TO:** Internal Risk Review Committee / Client Briefing Team  
**FROM:** Compliance Officer  
**DATE:** October 24, 2023  
**SUBJECT:** Risk Disclosure Summary: Cybersecurity Threats (JPMorganChase Annual Report Excerpt)

***

As part of our risk assessment for the upcoming client briefing, I have reviewed the cybersecurity disclosures provided in the excerpt. Below is a concise summary of the key operational, financial, and reputational risks identified:

### 1. Nature and Methods of Attacks
The bank faces constant, diverse cyber threats aimed at compromising its technology assets (computers, software, networks). Specific tactics include:
*   **Malware & Viruses:** Introduction of malicious code into internal systems.
*   **Data Compromise:** Unauthorized access to proprietary data and sensitive/confidential information belonging to the firm, its clients, customers, counterparties, and employees.
*   **Data Integrity Risks:** Manipulation or destruction of critical financial and operational data.
*   **Operational Disruption:** Sabotage or degradation of services, specifically targeting online banking and client-facing websites.
*   **Financial Theft & Extortion:** Direct theft of funds and ransomware demands.

### 2. Threat Actors
The attacks originate from a wide spectrum of sophisticated and well-resourced adversaries, specifically:
*   State-sponsored actors and terrorist organizations.
*   Organized cyber-criminals.
*   Hacktivists driven by political or social agendas.

### 3. Inevitability of Breaches and Potential Impact
*   **Historical Precedent:** The bank acknowledges past security breaches.
*   **Future Vulnerability:** Management explicitly states that future breaches are **inevitable**.
*   **Consequences:** Any future breach carries the potential for ""serious and harmful consequences"" to both the institution and its stakeholders, which inherently encompasses financial loss, regulatory penalties, legal liability, and reputational damage.

***

**Compliance Recommendation for the Briefing:**
When presenting this risk profile to clients or internal stakeholders, it should be emphasized that while the bank employs robust defenses, the current threat landscape (driven by state actors and organized criminals) makes zero-incident operations statistically improbable. Risk mitigation and incident response readiness—rather than absolute prevention—are the appropriate benchmarks for evaluating the bank's resilience in this area.",2.71,,0.8,True,"malware,past_and_future_breaches,ransomware,serious_consequences,service_disruption,theft_of_money,threat_actors,unauthorized_access"
role_prompting,1,"**MEMORANDUM**

**TO:** Internal Risk Committee / Client Briefing Team  
**FROM:** Compliance  
**DATE:** October 24, 2023  
**SUBJECT:** Compliance Review: Cyber Security Risk Summary (JPMorganChase Annual Report Excerpt)

---

As requested, I have reviewed the provided risk disclosure regarding cyber security. From a regulatory and institutional risk perspective, the key risk factors are summarized below for inclusion in the client briefing:

### **1. Nature and Frequency of Threats**
* **Continuous Exposure:** The firm is subject to frequent and numerous cyber attacks targeting its computers, software, networks, and technology assets. Past breaches have occurred, and management acknowledges that future breaches are **inevitable**.

### **2. Potential Operational & Financial Impacts**
A successful breach carries severe consequences for the bank, its clients, and customers, specifically:
* **Data Compromise:** Unauthorized access to confidential information belonging to the bank, employees, clients, customers, and counterparties.
* **Financial Loss:** Direct theft of funds or extortion demands via ransomware.
* **Service Disruption:** Degradation, sabotage, or complete disruption of online banking and critical operational websites.
* **Data Integrity Risks:** Introduction of malware/viruses, as well as the potential manipulation or destruction of critical data.

### **3. Threat Actor Profile**
The firm faces a diverse range of sophisticated adversaries, including:
* Nation-states and terrorist organizations (state-sponsored actors).
* Organized cyber-criminals.
* ""Hacktivists"" driven by political or social agendas.

---

### **Compliance Takeaway for Client Briefing:**
While JPMorganChase maintains defenses against these threats, the risk profile is high due to the inevitability of breaches and the severity of potential impacts (financial, reputational, operational, and data privacy). This should be factored into any assessment of the firm's operational resilience and third-party risk exposure.",2.43,,0.7,True,"frequent_attacks,malware,past_and_future_breaches,ransomware,service_disruption,threat_actors,unauthorized_access"
role_prompting,2,"**MEMORANDUM**

**TO:** Internal Risk Committee / Client Briefing Team  
**FROM:** Compliance  
**DATE:** October 24, 2023  
**SUBJECT:** Compliance Review: Cybersecurity Risk Summary (JPMorganChase Annual Report Excerpt)

***

As part of our risk assessment for the upcoming client briefing, I have reviewed the cybersecurity disclosures provided. Below is a concise summary of the key risks identified, categorized for compliance and risk-mitigation purposes:

### **1. Nature and Frequency of Threats**
* **High-Volume Environment:** The firm continuously faces numerous cyber attacks targeting its computer systems, software, networks, and technology assets. 
* **Operational Vulnerability:** Past security breaches have occurred, and management explicitly acknowledges that **future breaches are inevitable**.

### **2. Potential Impact and Objectives of Attacks**
Cyber attacks against the firm are designed to achieve one or more of the following harmful outcomes:
* **Data Compromise:** Unauthorized access to, manipulation of, or destruction of proprietary and confidential information belonging to the bank, its clients, customers, counterparties, or employees.
* **Financial Loss:** Direct theft of funds or successful extortion demands via ransomware.
* **Service Disruption:** Sabotage, degradation, or complete disruption of critical infrastructure, including customer-facing platforms like online banking services.
* **Malicious Infiltration:** Introduction of viruses and malicious code (malware) into the firm's architecture.

### **3. Threat Actor Profile**
The firm faces attacks from a diverse and sophisticated range of adversaries, including:
* Nation-states and state-sponsored groups (hostile countries).
* Terrorist organizations.
* Professional cyber-criminals.
* Hacktivists (motivated by political or social agendas).

### **Compliance Takeaway for the Client Briefing:**
While technology-driven financial institutions naturally carry inherent cyber risk, this disclosure underscores that threats are continuous, originating from well-resourced and diverse actors. The inevitability of future breaches highlights the critical importance of robust incident response, resilience, and client communication protocols. 

Please let me know if you require further risk analysis or framing for the briefing materials.",2.45,,0.7,True,"frequent_attacks,malware,past_and_future_breaches,ransomware,service_disruption,threat_actors,unauthorized_access"
role_prompting,3,"As a compliance officer, I have reviewed the provided risk disclosure regarding cybersecurity. Below is a concise summary of the key risks facing the institution, structured for executive briefing purposes:

### **Executive Summary: Cybersecurity Risk Exposure**

The institution faces a continuous, high-volume threat environment with respect to cyber attacks targeting its technological infrastructure. Based on the disclosure, the primary risks can be categorized into four key areas:

#### **1. Nature and Methods of Attacks**
Threat actors utilize diverse and evolving methodologies designed to compromise bank operations, which include:
*   **Malware & Disruption:** Introduction of malicious code to degrade, sabotage, or disrupt critical systems, including online banking platforms.
*   **Data Compromise:** Unauthorized access, manipulation, or destruction of proprietary bank data and confidential information belonging to clients, customers, counterparties, and employees.
*   **Financial Theft & Extortion:** Direct theft of funds or extortion demands via ransomware.

#### **2. Threat Actor Profiles**
The institution is targeted by sophisticated and well-resourced adversaries, specifically:
*   **State-Sponsored Actors & Terrorists:** Entities acting on behalf of hostile foreign governments or terrorist organizations.
*   **Organized Cyber-Criminals:** Financially motivated criminal networks.
*   **Hacktivists:** Individuals or groups leveraging cyber attacks to advance political or social agendas.

#### **3. Historical Precedent & Inevitability**
*   The institution **has experienced past security breaches**, validating the reality of the threat.
*   Management explicitly assesses that **future breaches are inevitable**, indicating that risk mitigation must focus on resilience, containment, and recovery rather than absolute prevention.

#### **4. Potential Impact**
A successful or severe cyber breach carries systemic risks, potentially resulting in:
*   Significant operational disruption and degradation of critical client-facing services.
*   Financial loss (via direct theft, ransom payouts, or regulatory/legal liabilities).
*   Severe reputational harm and loss of trust from clients, customers, and counterparties due to the compromise of confidential data.

***

**Compliance Officer Recommendation:** 
Given that future breaches are deemed inevitable, our ongoing review must ensure that the client maintains robust incident response frameworks, adequate cyber insurance coverage, and stringent third-party vendor risk management to mitigate potential regulatory and fiduciary exposure.",2.44,,0.7,True,"malware,past_and_future_breaches,ransomware,service_disruption,theft_of_money,threat_actors,unauthorized_access"
role_prompting,4,"**MEMORANDUM**

**TO:** Client Briefing File / Relationship Management Team  
**FROM:** Compliance Risk Officer  
**DATE:** October 24, 2023  
**SUBJECT:** Compliance Risk Summary: Cybersecurity Disclosures  

***

As part of our risk review for the upcoming client briefing, I have synthesized the key cybersecurity risks disclosed in the recent annual report. For briefing purposes, these risks can be categorized into three core areas: Operational Vulnerabilities, Threat Actor Profiles, and Inevitability of Incidents.

### 1. Operational & Financial Impact (Nature of Attacks)
The bank faces continuous attempts to compromise its technology assets (computers, software, and networks). These attacks are engineered to achieve multiple detrimental outcomes:
* **Confidentiality Breaches:** Unauthorized access to sensitive data belonging to the institution, clients, customers, counterparties, or employees.
* **Integrity Violations:** The introduction of malware/viruses, as well as the manipulation, corruption, or destruction of critical data.
* **Availability Disruption:** Sabotage or degradation of services, specifically impacting customer-facing platforms such as online banking.
* **Direct Financial Loss:** Direct theft of funds or extortion demands via ransomware.

### 2. Threat Actor Landscape
The institution is targeted by a diverse and sophisticated range of adversaries, which complicates defensive postures. These include:
* **State-Sponsored / Terrorist Entities:** Hostile foreign governments or terrorist organizations leveraging cyber warfare capabilities.
* **Financial Cyber-Criminals:** Profit-driven actors seeking monetary gain through theft or extortion.
* **Hacktivists:** Ideologically or politically motivated groups utilizing cyber tools to advance specific agendas.

### 3. Historical Precedent and Inevitability
* **Past Incidents:** The bank has a documented history of suffering security breaches as a result of cyber attacks.
* **Forward-Looking Risk:** Management explicitly assesses that future breaches are **inevitable**. Any such future incident carries the potential for serious, adverse operational, financial, and reputational consequences for both the bank and its clientele.

### Compliance Takeaway for the Client Briefing
While JPMorganChase maintains robust technological defenses, the disclosure underscores that cyber risk cannot be entirely eliminated. Relationship managers should be prepared to discuss cyber resilience assurance, client data protection measures, and operational continuity protocols if raised by the client during the briefing.",2.72,,0.6,True,"malware,past_and_future_breaches,ransomware,service_disruption,threat_actors,unauthorized_access"
role_plus_cot,0,"**Verbatim Risk-Related Statements**

1. A successful cyber attack could cause significant harm to JPMorganChase and its clients and customers.
2. JPMorganChase experiences numerous cyber attacks on its computer systems, software, networks and other technology assets.
3. Cyber attacks could take many forms, and may be designed to: introduce computer viruses or malicious code (""malware"") into JPMorganChase's systems.
4. [Cyber attacks] may be designed to: obtain unauthorized access to JPMorganChase's systems or to confidential information belonging to JPMorganChase or its clients, customers, counterparties or employees.
5. [Cyber attacks] may be designed to: manipulate or destroy data.
6. [Cyber attacks] may be designed to: disrupt, sabotage or degrade service on JPMorganChase's systems and websites, including those that provide online banking and other services.
7. [Cyber attacks] may be designed to: steal money.
8. [Cyber attacks] may be designed to: or extort money through the use of so-called ""ransomware.""
9. Threat actors that perpetrate cyber attacks include individuals or groups that are: sponsored by, or acting on behalf of, hostile countries or terrorist organizations.
10. Threat actors that perpetrate cyber attacks include individuals or groups that are: cyber-criminals.
11. Threat actors that perpetrate cyber attacks include individuals or groups that are: engaged in using technology to promote a political or social agenda (i.e., ""hacktivists"").
12. JPMorganChase has experienced security breaches due to cyber attacks in the past, and future breaches are inevitable.
13. Any such breach could result in serious and harmful consequences for JPMorganChase or its clients and customers.

**Thematic Grouping**

*   **Frequency and Inevitability:**
    *   JPMorganChase experiences numerous cyber attacks on its computer systems, software, networks and other technology assets.
    *   JPMorganChase has experienced security breaches due to cyber attacks in the past, and future breaches are inevitable.
*   **Attack Vectors and Objectives (Impact Types):**
    *   Cyber attacks could take many forms, and may be designed to: introduce computer viruses or malicious code (""malware"") into JPMorganChase's systems; obtain unauthorized access to JPMorganChase's systems or to confidential information belonging to JPMorganChase or its clients, customers, counterparties or employees; manipulate or destroy data; disrupt, sabotage or degrade service on JPMorganChase's systems and websites, including those that provide online banking and other services; steal money; or extort money through the use of so-called ""ransomware.""
*   **Threat Actors:**
    *   Threat actors that perpetrate cyber attacks include individuals or groups that are: sponsored by, or acting on behalf of, hostile countries or terrorist organizations; cyber-criminals; or engaged in using technology to promote a political or social agenda (i.e., ""hacktivists"").
*   **Overall Consequences:**
    *   A successful cyber attack could cause significant harm to JPMorganChase and its clients and customers.
    *   Any such breach could result in serious and harmful consequences for JPMorganChase or its clients and customers.

Final Summary:
* **Inevitable Exposure:** The bank faces continuous cyber attacks and acknowledges that future security breaches are inevitable despite past incidents.
* **Diverse Threat Actors:** Attacks originate from a wide range of sophisticated sources, including nation-states/terrorist organizations, cyber-criminals, and hacktivists.
* **Multi-Faceted Attack Objectives:** Threats are designed to compromise operations through malware, unauthorized access to confidential data, data manipulation or destruction, service disruption, direct financial theft, and ransomware extortion.
* **Significant Potential Harm:** Successful breaches pose severe risks capable of causing substantial harm and serious consequences to both the institution and its clients, customers, counterparties, and employees.",2.58,,0.8,True,"malware,past_and_future_breaches,ransomware,serious_consequences,service_disruption,theft_of_money,threat_actors,unauthorized_access"
role_plus_cot,1,"**Verbatim Risk-Related Statements**

1. ""A successful cyber attack could cause significant harm to JPMorganChase and its clients and customers.""
2. ""JPMorganChase experiences numerous cyber attacks on its computer systems, software, networks and other technology assets.""
3. ""Cyber attacks could take many forms, and may be designed to introduce computer viruses or malicious code ('malware') into JPMorganChase's systems""
4. ""...obtain unauthorized access to JPMorganChase's systems or to confidential information belonging to JPMorganChase or its clients, customers, counterparties or employees""
5. ""...manipulate or destroy data""
6. ""...disrupt, sabotage or degrade service on JPMorganChase's systems and websites, including those that provide online banking and other services""
7. ""...steal money""
8. ""...or extort money through the use of so-called 'ransomware.'""
9. ""Threat actors that perpetrate cyber attacks include individuals or groups that are sponsored by, or acting on behalf of, hostile countries or terrorist organizations""
10. ""...cyber-criminals""
11. ""...or engaged in using technology to promote a political or social agenda (i.e., 'hacktivists').""
12. ""JPMorganChase has experienced security breaches due to cyber attacks in the past, and future breaches are inevitable.""
13. ""Any such breach could result in serious and harmful consequences for JPMorganChase or its clients and customers.""

---

**Thematic Grouping**

*   **Frequency and Inevitability:** Continuous occurrence of attacks and inevitability of future breaches (Statements 2, 12).
*   **Adverse Impacts and Objectives:** System disruption, data compromise, financial loss, malware introduction, and extortion (Statements 1, 3, 4, 5, 6, 7, 8, 13).
*   **Threat Actors:** Nation-states/terrorists, cyber-criminals, and hacktivists (Statements 9, 10, 11).

---

Final Summary:
* **High Frequency and Inevitability:** The bank faces constant cyber attacks, and future security breaches are considered inevitable based on historical precedent.
* **Diverse Threat Actors:** Attacks originate from sophisticated sources, including nation-state sponsors or terrorists, cyber-criminals, and politically or socially motivated hacktivists.
* **Severe Operational and Financial Impacts:** Attacks are designed to deploy malware, breach confidential data belonging to the bank and its stakeholders, manipulate or destroy data, disrupt critical banking services, and cause direct financial loss or extortion via ransomware, leading to significant harm for both the institution and its clients.",2.2,,0.8,True,"data_manipulation,frequent_attacks,malware,past_and_future_breaches,ransomware,serious_consequences,service_disruption,threat_actors"
role_plus_cot,2,"**1. Verbatim Risk Statements**
* A successful cyber attack could cause significant harm to JPMorganChase and its clients and customers.
* JPMorganChase experiences numerous cyber attacks on its computer systems, software, networks and other technology assets.
* Cyber attacks could take many forms, and may be designed to: introduce computer viruses or malicious code (""malware"") into JPMorganChase's systems.
* Cyber attacks could take many forms, and may be designed to: obtain unauthorized access to JPMorganChase's systems or to confidential information belonging to JPMorganChase or its clients, customers, counterparties or employees.
* Cyber attacks could take many forms, and may be designed to: manipulate or destroy data.
* Cyber attacks could take many forms, and may be designed to: disrupt, sabotage or degrade service on JPMorganChase's systems and websites, including those that provide online banking and other services.
* Cyber attacks could take many forms, and may be designed to: steal money.
* Cyber attacks could take many forms, and may be designed to: extort money through the use of so-called ""ransomware.""
* Threat actors that perpetrate cyber attacks include individuals or groups that are: sponsored by, or acting on behalf of, hostile countries or terrorist organizations.
* Threat actors that perpetrate cyber attacks include individuals or groups that are: cyber-criminals.
* Threat actors that perpetrate cyber attacks include individuals or groups that are: engaged in using technology to promote a political or social agenda (i.e., ""hacktivists"").
* JPMorganChase has experienced security breaches due to cyber attacks in the past, and future breaches are inevitable.
* Any such breach could result in serious and harmful consequences for JPMorganChase or its clients and customers.

**2. Grouping Related Statements into Themes**
* **Theme A: Operational Threat Exposure (Frequency and Inevitability)**
  * JPMorganChase experiences numerous cyber attacks on its computer systems, software, networks and other technology assets.
  * JPMorganChase has experienced security breaches due to cyber attacks in the past, and future breaches are inevitable.
* **Theme B: Attack Objectives and Impacts**
  * Introduce malware, obtain unauthorized access to confidential information, manipulate/destroy data, disrupt services/online banking, steal money, and extort funds via ransomware.
  * A successful cyber attack could cause significant harm to JPMorganChase and its clients and customers; any such breach could result in serious and harmful consequences.
* **Theme C: Threat Actor Profiles**
  * State-sponsored/terrorist groups, cyber-criminals, and hacktivists promoting political or social agendas.

**3. Final Summary**

Final Summary:
* **Invevitability and Frequency:** The bank faces continuous cyber attacks against its technology assets, and past breaches indicate that future security breaches are inevitable.
* **Adverse Operational Impacts:** Potential consequences of attacks include malware introduction, unauthorized data access, data manipulation or destruction, service disruptions (including online banking), financial theft, and ransomware extortion, leading to significant harm for the bank and its stakeholders.
* **Diverse Threat Landscape:** Perpetrators include high-risk actors such as hostile nation-states, terrorist organizations, cyber-criminals, and politically or socially motivated hacktivists.",2.66,,0.7,True,"malware,past_and_future_breaches,ransomware,serious_consequences,service_disruption,theft_of_money,threat_actors"
role_plus_cot,3,"**Step 1: Verbatim Risk-Related Statements**

1. ""A successful cyber attack could cause significant harm to JPMorganChase and its clients and customers.""
2. ""JPMorganChase experiences numerous cyber attacks on its computer systems, software, networks and other technology assets.""
3. ""Cyber attacks could take many forms, and may be designed to: [introduce computer viruses or malicious code ('malware') into JPMorganChase's systems; obtain unauthorized access to JPMorganChase's systems or to confidential information belonging to JPMorganChase or its clients, customers, counterparties or employees; manipulate or destroy data; disrupt, sabotage or degrade service on JPMorganChase's systems and websites, including those that provide online banking and other services; steal money; or extort money through the use of so-called 'ransomware.']""
4. ""Threat actors that perpetrate cyber attacks include individuals or groups that are: [sponsored by, or acting on behalf of, hostile countries or terrorist organizations; cyber-criminals; or engaged in using technology to promote a political or social agenda (i.e., 'hacktivists').]""
5. ""JPMorganChase has experienced security breaches due to cyber attacks in the past, and future breaches are inevitable.""
6. ""Any such breach could result in serious and harmful consequences for JPMorganChase or its clients and customers.""

**Step 2: Grouping Related Statements into Themes**

*   *Theme 1: Frequency and Inevitability of Threats*
    *   Experiences numerous cyber attacks (Statement 2)
    *   Past breaches have occurred, and future breaches are inevitable (Statement 5)
*   *Theme 2: Nature and Objectives of Cyber Attacks*
    *   Malware introduction, data manipulation/destruction, service disruption, financial theft, ransomware extortion, and unauthorized access to systems or confidential data (Statement 3)
*   *Theme 3: Threat Actors*
    *   Nation-states/terrorist organizations, cyber-criminals, and hacktivists (Statement 4)
*   *Theme 4: Overall Impact*
    *   Potential for significant harm and serious consequences to the bank, its clients, and customers (Statements 1 and 6)

**Final Summary:**

Final Summary:
*   **Constant Exposure and Inevitability:** The bank faces frequent cyber attacks across its technology assets, and while past breaches have occurred, future security breaches are deemed inevitable.
*   **Diverse Attack Objectives:** Attacks are designed to deploy malware, compromise confidential data, manipulate or destroy data, disrupt online banking and other services, steal funds, and extort money via ransomware.
*   **Sophisticated Threat Actors:** Perpetrators include state-sponsored groups and terrorists, organized cyber-criminals, and politically or socially motivated hacktivists.
*   **Severe Consequences:** Successful attacks pose a high risk of significant harm and serious negative impacts to both the institution and its clients, customers, counterparties, and employees.",2.77,,0.9,True,"data_manipulation,frequent_attacks,malware,past_and_future_breaches,ransomware,serious_consequences,service_disruption,theft_of_money,threat_actors"
role_plus_cot,4,"Step 1: Extract risk-related statements verbatim
- ""A successful cyber attack could cause significant harm to JPMorganChase and its clients and customers.""
- ""JPMorganChase experiences numerous cyber attacks on its computer systems, software, networks and other technology assets.""
- ""Cyber attacks could take many forms, and may be designed to: introduce computer viruses or malicious code ('malware') into JPMorganChase's systems""
- ""obtain unauthorized access to JPMorganChase's systems or to confidential information belonging to JPMorganChase or its clients, customers, counterparties or employees""
- ""manipulate or destroy data""
- ""disrupt, sabotage or degrade service on JPMorganChase's systems and websites, including those that provide online banking and other services""
- ""steal money""
- ""extort money through the use of so-called 'ransomware.'""
- ""Threat actors that perpetrate cyber attacks include individuals or groups that are: sponsored by, or acting on behalf of, hostile countries or terrorist organizations""
- ""cyber-criminals""
- ""engaged in using technology to promote a political or social agenda (i.e., 'hacktivists').""
- ""JPMorganChase has experienced security breaches due to cyber attacks in the past, and future breaches are inevitable.""
- ""Any such breach could result in serious and harmful consequences for JPMorganChase or its clients and customers.""

Step 2: Group related statements into themes
- **Theme 1: Operational and Threat Environment:** Frequent occurrence of attacks, inevitable future breaches, and the diverse sources of threat actors (state-sponsored/terrorists, cyber-criminals, and hacktivists).
- **Theme 2: Nature of Cyber Attacks (Mechanisms):** Introduction of malware, unauthorized access to systems/confidential data, and data manipulation or destruction.
- **Theme 3: Impact and Consequences:** Service disruption/sabotage of online banking, financial theft, ransomware extortion, and overall significant harm to the bank and its stakeholders.

Final Summary:
- **High Threat Frequency and Inevitability:** The firm faces constant cyber attacks from diverse actors—including state-sponsored groups, terrorists, cyber-criminals, and hacktivists—making future security breaches inevitable.
- **Adverse Operational Objectives:** Attacks utilize various tactics designed to introduce malware, gain unauthorized access to confidential information, manipulate or destroy data, and disrupt critical online banking services.
- **Financial and Reputational Impact:** Successful breaches carry severe consequences, including direct financial theft, ransomware extortion, and significant harm to both the bank and its clients, customers, counterparties, and employees.",2.12,,1.0,True,"data_manipulation,frequent_attacks,malware,past_and_future_breaches,ransomware,serious_consequences,service_disruption,theft_of_money,threat_actors,unauthorized_access"
structured_json_prompted,0,"{""key_risks"": [""Introduction of computer viruses or malware into systems"", ""Unauthorized access to systems and confidential information"", ""Manipulation or destruction of data"", ""Disruption, sabotage, or degradation of services and websites"", ""Theft of money"", ""Extortion through ransomware"", ""Past and inevitable future security breaches resulting in serious harm""]}",0.89,,0.7,True,"data_manipulation,malware,past_and_future_breaches,ransomware,service_disruption,theft_of_money,unauthorized_access"
structured_json_prompted,1,"{""key_risks"": [""Introduction of computer viruses or malware into systems"", ""Unauthorized access to systems and confidential information"", ""Manipulation or destruction of data"", ""Disruption, sabotage, or degradation of services and websites"", ""Theft of money"", ""Extortion through ransomware"", ""Past and inevitable future security breaches resulting in serious harm""]}",0.98,,0.7,True,"data_manipulation,malware,past_and_future_breaches,ransomware,service_disruption,theft_of_money,unauthorized_access"
structured_json_prompted,2,"{""key_risks"": [""Introduction of computer viruses or malware into systems"", ""Unauthorized access to systems and confidential information"", ""Manipulation or destruction of data"", ""Disruption, sabotage, or degradation of services and websites"", ""Theft of money"", ""Extortion through ransomware"", ""Security breaches resulting in serious and harmful consequences for the firm, clients, and customers""]}",1.03,,0.7,True,"data_manipulation,malware,ransomware,serious_consequences,service_disruption,theft_of_money,unauthorized_access"
structured_json_prompted,3,"{""key_risks"": [""Introduction of computer viruses or malware into systems"", ""Unauthorized access to systems and confidential information"", ""Manipulation or destruction of data"", ""Disruption, sabotage, or degradation of services and websites"", ""Theft of money"", ""Extortion through ransomware"", ""Past and inevitable future security breaches resulting in serious harm""]}",0.93,,0.7,True,"data_manipulation,malware,past_and_future_breaches,ransomware,service_disruption,theft_of_money,unauthorized_access"
structured_json_prompted,4,"{""key_risks"": [""Introduction of computer viruses or malware into systems"", ""Unauthorized access to systems and confidential information"", ""Manipulation or destruction of data"", ""Disruption, sabotage, or degradation of services and websites"", ""Theft of money"", ""Extortion through ransomware"", ""Past and inevitable future security breaches resulting in serious harm to JPMorganChase, its clients, and customers""]}",1.01,,0.7,True,"data_manipulation,malware,past_and_future_breaches,ransomware,service_disruption,theft_of_money,unauthorized_access"
structured_json_schema,0,"{
  ""key_risks"": [
    ""Cyber attacks could introduce malware, obtain unauthorized access to confidential information, or manipulate and destroy data."",
    ""Cyber attacks may disrupt or degrade online banking and other services, leading to potential service sabotage."",
    ""Threat actors may successfully steal or extort money using ransomware."",
    ""Threats originate from hostile countries, terrorists, cyber-criminals, and hacktivists, making future security breaches inevitable.""
  ]
}",1.05,,0.7,True,"data_manipulation,malware,past_and_future_breaches,ransomware,service_disruption,threat_actors,unauthorized_access"
structured_json_schema,1,"{
  ""key_risks"": [
    ""Introduction of computer viruses or malware into systems"",
    ""Unauthorized access to systems and confidential information of the firm, clients, customers, counterparties, or employees"",
    ""Manipulation or destruction of data"",
    ""Disruption, sabotage, or degradation of services, including online banking"",
    ""Theft or extortion of money through ransomware"",
    ""Cyber attacks originating from hostile nation-states, terrorist organizations, cyber-criminals, or hacktivists"",
    ""Inevitable future security breaches leading to serious and harmful consequences""
  ]
}",1.3,,0.8,True,"data_manipulation,malware,past_and_future_breaches,ransomware,serious_consequences,service_disruption,threat_actors,unauthorized_access"
structured_json_schema,2,"{
  ""key_risks"": [
    ""Vulnerability to numerous and inevitable cyber attacks causing harm to the firm and its clients"",
    ""Introduction of malware and viruses into systems"",
    ""Unauthorized access to systems and confidential information"",
    ""Manipulation, destruction, or theft of data and money"",
    ""Disruption, sabotage, or degradation of online banking and other services"",
    ""Extortion through ransomware"",
    ""Threats from nation-states, terrorists, cyber-criminals, and hacktivists"",
    ""Risk of past and future security breaches resulting in serious consequences""
  ]
}",1.23,,0.7,True,"malware,past_and_future_breaches,ransomware,serious_consequences,service_disruption,threat_actors,unauthorized_access"
structured_json_schema,3,"{
  ""key_risks"": [
    ""Vulnerability to frequent cyber attacks targeting computer systems, software, networks, and technology assets"",
    ""Risk of unauthorized access, data manipulation, data destruction, and theft or extortion of money and ransomware"",
    ""Threats from sophisticated actors including state-sponsored groups, terrorists, cyber-criminals, and hacktivists"",
    ""Inevitable future security breaches resulting in significant harm, disruption, and serious consequences for the firm, clients, and customers""
  ]
}",1.13,,0.7,True,"frequent_attacks,past_and_future_breaches,ransomware,serious_consequences,service_disruption,threat_actors,unauthorized_access"
structured_json_schema,4,"{
  ""key_risks"": [
    ""Exposure to numerous and inevitable cyber attacks capable of causing significant harm to the firm, its clients, and customers."",
    ""Potential introduction of malware and viruses into technology systems."",
    ""Risk of unauthorized access to confidential information of the firm, clients, customers, counterparties, and employees."",
    ""Threat of data manipulation, destruction, theft, or financial extortion via ransomware."",
    ""Disruption, sabotage, or degradation of online banking and other essential services."",
    ""Attacks originating from hostile state-sponsored actors, terrorist organizations, cyber-criminals, and hacktivists.""
  ]
}",1.13,,0.7,True,"malware,past_and_future_breaches,ransomware,serious_consequences,service_disruption,threat_actors,unauthorized_access"
negative_prompting,0,"Based on the provided text, the key risks to JPMorganChase and its clients and customers are:

* **Cyber attacks and security breaches:** The firm experiences numerous cyber attacks—and has suffered past security breaches with inevitable future ones—that could cause significant harm, including introducing malware, gaining unauthorized access to systems or confidential information, manipulating or destroying data, and disrupting or degrading services.
* **Financial loss and extortion:** Attacks could result in stolen money or forced extortion via ransomware.
* **Diverse threat actors:** Attacks may be perpetrated by state-sponsored groups or terrorists, cyber-criminals, or hacktivists.",1.13,,0.8,True,"frequent_attacks,malware,past_and_future_breaches,ransomware,serious_consequences,service_disruption,threat_actors,unauthorized_access"
negative_prompting,1,"Based on the provided text, the key risks are:

* **Cyber attacks and security breaches:** JPMorganChase frequently experiences cyber attacks—and has suffered past security breaches with inevitable future ones—that could harm the firm, its clients, customers, counterparties, and employees.
* **Malware and unauthorized access:** Attacks may introduce computer viruses/malware or gain unauthorized access to the firm's systems and confidential information.
* **Data and service disruption:** Attacks can manipulate or destroy data, as well as disrupt, sabotage, or degrade the firm's systems and websites (including online banking).
* **Financial theft and extortion:** Attacks may be used to steal money or extort funds via ransomware.
* **Diverse threat actors:** Attacks may be perpetrated by state-sponsored or terrorist-backed entities, cyber-criminals, or hacktivists promoting political or social agendas.",1.23,,0.9,True,"data_manipulation,frequent_attacks,malware,past_and_future_breaches,ransomware,service_disruption,theft_of_money,threat_actors,unauthorized_access"
negative_prompting,2,"Based on the provided text, the key risks are:

* Experiencing cyber attacks—which could involve malware, unauthorized access to confidential information, data manipulation or destruction, service disruption or degradation, theft, or ransomware—that could harm JPMorganChase and its clients and customers.
* Perpetration of cyber attacks by state-sponsored or terrorist threat actors, cyber-criminals, or hacktivists.
* The inevitability of future security breaches and their potential to cause serious and harmful consequences.",1.04,,0.6,True,"malware,ransomware,serious_consequences,service_disruption,threat_actors,unauthorized_access"
negative_prompting,3,"Based on the provided text, the key risks are:

* Experiencing cyber attacks—which are inevitable and have caused past security breaches—that could harm JPMorganChase and its clients and customers.
* The introduction of computer viruses or malware into the firm's systems.
* Unauthorized access to systems or confidential information belonging to the firm, its clients, customers, counterparties, or employees.
* The manipulation or destruction of data.
* Disruption, sabotage, or degradation of service on systems and websites (including online banking).
* The theft or extortion of money (via ransomware). 
* Perpetration of attacks by hostile nation-states, terrorists, cyber-criminals, or hacktivists.",1.08,,0.7,True,"data_manipulation,malware,past_and_future_breaches,ransomware,service_disruption,threat_actors,unauthorized_access"
negative_prompting,4,"Based on the provided text, the key risks are:

* **Cyber attacks and security breaches:** JPMorganChase experiences numerous cyber attacks, has suffered security breaches in the past, and future breaches are inevitable, which could cause significant harm to the firm, its clients, and customers.
* **Malware introduction:** Attacks may introduce computer viruses or malicious code into the firm's systems.
* **Unauthorized access:** Threat actors may gain unauthorized access to the firm's systems or confidential information belonging to the firm, its clients, customers, counterparties, or employees.
* **Data compromise:** Data may be manipulated or destroyed.
* **Service disruption:** Services and websites (including online banking) may be disrupted, sabotaged, or degraded.
* **Financial theft and extortion:** Money may be stolen or extorted through the use of ransomware.
* **Threat actor motivations:** Attacks may be perpetrated by state-sponsored or terrorist groups, cyber-criminals, or hacktivists promoting political or social agendas.",1.36,,1.0,True,"data_manipulation,frequent_attacks,malware,past_and_future_breaches,ransomware,serious_consequences,service_disruption,theft_of_money,threat_actors,unauthorized_access"
format_constrained,0,"* JPMorganChase faces frequent cyber attacks designed to introduce malware, steal data, or manipulate systems.
* Attacks aim to disrupt online banking services, steal funds, or extort money via ransomware.
* Threat actors include state-sponsored groups, terrorists, cyber-criminals, and politically motivated hacktivists.
* The firm has suffered past security breaches, and future attacks resulting in damage are inevitable.
* Successful breaches can cause significant harm, financial loss, and disruption to the bank and clients.",0.9,,0.9,True,"data_manipulation,frequent_attacks,malware,past_and_future_breaches,ransomware,serious_consequences,service_disruption,theft_of_money,threat_actors"
format_constrained,1,"* JPMorganChase faces frequent cyber attacks designed to introduce malware, steal data, or manipulate systems.
* Attacks aim to disrupt online services, steal funds, or extort money using ransomware.
* Perpetrators include state-sponsored groups, terrorists, cyber-criminals, and politically motivated hacktivists.
* The firm has suffered past security breaches and future cyber incidents are deemed inevitable.
* Breaches can cause significant, serious, and harmful consequences for the bank and its customers.",0.94,,0.9,True,"data_manipulation,frequent_attacks,malware,past_and_future_breaches,ransomware,serious_consequences,service_disruption,theft_of_money,threat_actors"
format_constrained,2,"* JPMorganChase faces frequent cyber attacks aimed at disrupting services, stealing money, or extorting through ransomware.
* Attackers include state-sponsored groups, terrorists, cyber-criminals, and hacktivists seeking political or social disruption.
* Past security breaches confirm that future successful attacks against technology assets are inevitable.
* Cyber threats can introduce malware, manipulate data, and cause unauthorized access to confidential information.
* Breaches can cause significant harm, including severe operational disruptions and financial losses for the bank and clients.",1.06,,0.9,True,"data_manipulation,frequent_attacks,malware,past_and_future_breaches,ransomware,serious_consequences,service_disruption,threat_actors,unauthorized_access"
format_constrained,3,"* JPMorganChase faces frequent cyber attacks designed to introduce malware, steal data, or manipulate systems.
* Attacks aim to disrupt online banking services, steal money, or extort funds using ransomware.
* Threat actors include state-sponsored groups, terrorists, cyber-criminals, and politically motivated hacktivists.
* The firm has suffered past security breaches, and future successful cyber attacks are considered inevitable.
* Breaches can cause significant harm and serious consequences for both JPMorganChase and its clients.",1.0,,0.9,True,"data_manipulation,frequent_attacks,malware,past_and_future_breaches,ransomware,serious_consequences,service_disruption,theft_of_money,threat_actors"
format_constrained,4,"* JPMorganChase frequently faces diverse cyber attacks attempting to infiltrate systems, steal data, or disrupt services.
* Threat actors include state-sponsored groups, terrorists, cyber-criminals, and hacktivists seeking financial, political, or malicious goals.
* Past security breaches confirm that future cyber attacks and resulting compromises are entirely inevitable.
* Successful attacks can result in stolen money, ransomware extortion, and manipulated or destroyed critical data.
* Any cyber breach can cause significant harm and serious consequences for the firm, its clients, and customers.",1.1,,0.6,True,"data_manipulation,past_and_future_breaches,ransomware,serious_consequences,service_disruption,threat_actors"
self_consistency,0,"Draft 1:
- Vulnerability to various forms of cyber attacks including malware, unauthorized data access, data manipulation/destruction, and service disruptions.
- Financial risks such as direct theft of money or extortion through ransomware.
- Ongoing and inevitable threats from state-sponsored actors, terrorist organizations, cyber-criminals, and hacktivists resulting in security breaches.

Draft 2:
- Cyber attacks aiming to compromise technology assets, disrupt online banking services, and steal or hold data for ransom.
- Involvement of sophisticated threat actors like hostile nation-states, terrorists, criminals, and political activists.
- Past and inevitable future security breaches causing harm to the firm, its clients, and customers.

Draft 3:
- Disruptions, sabotage, or degradation of systems and online banking services due to malware and unauthorized access.
- Financial loss via money theft or ransomware extortion.
- Inevitable future cyber security breaches originating from hostile countries, terrorists, criminals, and hacktivists.

Final Summary:
- Cyber attacks designed to introduce malware, gain unauthorized access, manipulate data, or disrupt services and online banking.
- Financial losses resulting from the theft or extortion of money (via ransomware).
- Inevitable future security breaches perpetrated by hostile state actors, terrorists, cyber-criminals, and hacktivists, causing harm to the firm and its clients.",1.7,,0.7,True,"data_manipulation,malware,past_and_future_breaches,ransomware,service_disruption,threat_actors,unauthorized_access"
self_consistency,1,"Draft 1:
- Disruptions and sabotage of online banking and services
- Financial loss due to theft or ransomware extortion
- Data and system manipulation, destruction, or unauthorized access

Draft 2:
- Cyber attacks by hostile nation-states, terrorists, criminals, and hacktivists
- Theft or extortion of funds via ransomware
- Breaches of confidential client, customer, and employee data

Draft 3:
- Implementation of malicious malware or computer viruses
- Unauthorized access to sensitive and confidential data
- Operational disruptions to systems, networks, and websites

Final Summary:
- Theft of money or extortion through ransomware
- Unauthorized access to systems or confidential data
- Disruption, sabotage, or degradation of services and websites",1.49,,0.4,True,"ransomware,service_disruption,theft_of_money,unauthorized_access"
self_consistency,2,"Draft 1:
- Frequent and inevitable cyber attacks (including malware, ransomware, and unauthorized access) targeting technology assets.
- Potential compromise of sensitive data, leading to the theft, manipulation, or destruction of information and funds.
- Service disruptions affecting online banking and critical systems, as well as extortion threats.
- Threats originating from hostile nation-states, terrorists, cyber-criminals, and hacktivists.
- Harm to JPMorganChase, its clients, customers, counterparties, and employees due to past and future security breaches.

Draft 2:
- Cyber attacks (such as viruses, malware, and ransomware) causing service disruptions, sabotage, and degraded website performance.
- Unauthorized access resulting in the theft of money or confidential information belonging to the bank and its stakeholders.
- Data manipulation or destruction.
- Attacks driven by state-sponsored actors, terrorists, criminals, or hacktivists.
- Inevitable future security breaches causing significant harm based on historical precedents.

Draft 3:
- The persistent threat of cyber attacks that introduce malware, deploy ransomware, or facilitate unauthorized entry into systems.
- Financial risks involving stolen money or successful extortion demands.
- Operational risks including disrupted online banking services and degraded technology performance.
- Information security risks such as stolen, manipulated, or destroyed data and compromised confidentiality.
- Adversarial risks from hostile governments, terrorists, criminals, and hacktivists.
- Inevitability of future security breaches resulting in serious harm.

Final Summary:
- Cyber attacks (including malware, viruses, and ransomware) that cause service disruptions, sabotage, or degraded system performance.
- Unauthorized access to systems that results in stolen money, extortion, or the theft, manipulation, and destruction of confidential data.
- Threats originating from hostile nation-states, terrorist organizations, cyber-criminals, and hacktivists.
- Inevitable future security breaches resulting in serious and harmful consequences for JPMorganChase, its clients, customers, counterparties, and employees, building on past incidents.",2.34,,0.7,True,"malware,past_and_future_breaches,ransomware,serious_consequences,service_disruption,threat_actors,unauthorized_access"
self_consistency,3,"Draft 1:
- Risk of malware introduction and system corruption.
- Risk of unauthorized access and data theft of confidential information.
- Risk of service disruption, sabotage, and website degradation.
- Risk of direct financial theft or extortion via ransomware.
- Risk of attacks from sophisticated threat actors (state-sponsored, criminals, hacktivists).
- Inevitability of future security breaches leading to significant harm.

Draft 2:
- Cyber attacks aiming to disrupt online banking and degrade technology systems.
- Threats involving data manipulation, destruction, or unauthorized exposure.
- Financial risks including money theft and ransomware demands.
- Attacks originating from hostile nations, terrorists, criminals, and hacktivists.
- Past and inevitable future security breaches causing harm to the firm and clients.

Draft 3:
- Potential introduction of viruses, malware, and data destruction.
- Unauthorized access to sensitive information of the bank, clients, and employees.
- Operational disruptions affecting websites and online banking services.
- Financial loss through direct theft or ransomware extortion.
- Threat actors ranging from nation-states to cyber-criminals and hacktivists.
- Inevitable future security breaches resulting in severe consequences.

Final Summary:
- Introduction of malware and data destruction/manipulation
- Unauthorized access to systems and theft of confidential information
- Disruption, sabotage, or degradation of services and websites (including online banking)
- Financial theft and extortion via ransomware
- Attacks by hostile state-sponsored actors, terrorists, cyber-criminals, and hacktivists
- Inevitability of future security breaches and resulting serious harm to the firm and clients",2.16,,0.6,True,"malware,ransomware,service_disruption,theft_of_money,threat_actors,unauthorized_access"
self_consistency,4,"Draft 1:
- Exposure to cyber attacks (including malware, ransomware, and unauthorized access) that can steal or extort money, manipulate data, or disrupt banking services.
- Threats originating from state-sponsored actors, terrorist organizations, cyber-criminals, and hacktivists.
- Inevitable future security breaches resulting in serious harm to the firm, its clients, and customers.

Draft 2:
- The risk of successful cyber attacks and security breaches that introduce malware, compromise confidential information, steal/extort funds, or cause service disruptions.
- Potential adversaries such as hostile nation-states, terrorists, criminal rings, and politically motivated hacktivists.
- Past and inevitable future breaches causing significant negative impacts to JPMorganChase and its customers.

Draft 3:
- Disruptions, data manipulation, theft, and extortion via malware and ransomware due to ongoing cyber attacks.
- Attacks driven by hostile countries, terrorists, criminals, and hacktivists.
- Inevitability of future security breaches leading to significant harm for the bank and its stakeholders.

Final Summary:
- Risk of cyber attacks (including malware, ransomware, and unauthorized access) that can steal/extort money, manipulate or destroy data, and disrupt services.
- Threats from various actors, including state-sponsored groups, terrorists, cyber-criminals, and hacktivists.
- Inevitability of future security breaches resulting in significant harm to JPMorganChase, its clients, and customers.",1.81,,0.7,True,"data_manipulation,malware,ransomware,serious_consequences,service_disruption,threat_actors,unauthorized_access"
system_vs_user_placement,0,"Based on the provided text, the key cyber security risks facing JPMorganChase are:

* **Frequency and Inevitability:** The firm experiences numerous cyber attacks, and future security breaches are considered inevitable despite past incidents.
* **Diverse Attack Methods:** Attacks may involve malware, unauthorized access to systems and confidential data, data manipulation or destruction, service disruption/sabotage (including online banking), theft of funds, and extortion via ransomware.
* **Sophisticated Threat Actors:** Attacks originate from dangerous sources, including state-sponsored groups or terrorist organizations, cyber-criminals, and hacktivists pursuing political or social agendas.
* **Severe Impacts:** A successful attack or breach can cause significant harm and serious consequences to the firm, its clients, customers, counterparties, and employees.",1.18,,0.8,True,"frequent_attacks,malware,past_and_future_breaches,ransomware,serious_consequences,service_disruption,threat_actors,unauthorized_access"
system_vs_user_placement,1,"Based on the provided text, the key cyber security risks facing JPMorganChase are:

* **Frequency and Inevitability:** The firm experiences numerous cyber attacks, and future security breaches are considered inevitable despite past incidents.
* **Diverse Threat Sources:** Attacks may originate from state-sponsored groups/terrorists, cyber-criminals, and hacktivists.
* **Adverse Operational and Financial Impacts:** Attacks are designed to:
    * Introduce malware or viruses.
    * Gain unauthorized access to confidential data belonging to the firm, clients, customers, counterparties, or employees.
    * Manipulate, destroy, or steal data/money.
    * Extort funds using ransomware.
    * Disrupt, sabotage, or degrade online banking and other essential services.
* **Harmful Consequences:** A successful attack or breach could cause significant harm to both JPMorganChase and its clients and customers.",1.42,,0.9,True,"data_manipulation,frequent_attacks,malware,past_and_future_breaches,ransomware,serious_consequences,service_disruption,threat_actors,unauthorized_access"
system_vs_user_placement,2,"Based on the provided text, the key risks related to cyber attacks on JPMorganChase are:

* **System Disruption & Sabotage:** Attacks can disrupt, sabotage, or degrade online banking and other services, or introduce computer viruses and malware.
* **Data Compromise & Theft:** Threat actors may gain unauthorized access to, manipulate, destroy, or steal confidential information belonging to the bank, its clients, customers, counterparties, or employees.
* **Financial Loss & Extortion:** Attacks can be designed to directly steal money or extort funds through ransomware.
* **Diverse & Advanced Threat Sources:** The bank faces persistent threats from hostile nation-states/terrorist organizations, cyber-criminals, and hacktivists promoting political or social agendas.
* **Inevitability of Future Breaches:** Past security breaches have occurred, and the report explicitly states that future breaches are inevitable, carrying serious and harmful consequences for the bank and its stakeholders.",1.38,,0.9,True,"data_manipulation,malware,past_and_future_breaches,ransomware,serious_consequences,service_disruption,theft_of_money,threat_actors,unauthorized_access"
system_vs_user_placement,3,"Based on the provided text, the key risks associated with cyber attacks on JPMorganChase are:

* **Operational Disruption and Sabotage:** Attacks can disrupt, sabotage, or degrade online banking and other technology services, as well as manipulate or destroy data.
* **Financial Loss and Extortion:** Attacks can lead to the direct theft of money or extortion through the use of ransomware.
* **Data Breaches and Loss of Confidentiality:** Unauthorized access to systems can expose confidential information belonging to the bank, its clients, customers, counterparties, or employees.
* **Harm to Stakeholders:** Successful attacks can cause significant harm and serious, harmful consequences for both JPMorganChase and its clients/customers.
* **Inevitable Future Breaches:** Because past breaches have already occurred and threat actors—including hostile nation-states, cyber-criminals, and hacktivists—are actively targeting the bank's systems with malware and other tactics, future security breaches are considered inevitable.",1.48,,0.9,True,"data_manipulation,malware,past_and_future_breaches,ransomware,serious_consequences,service_disruption,theft_of_money,threat_actors,unauthorized_access"
system_vs_user_placement,4,"Based on the provided text, the key cyber security risks facing JPMorganChase are:

* **Frequency and Inevitability:** The firm constantly experiences numerous cyber attacks, and future security breaches are considered inevitable.
* **Malware and System Disruption:** Attacks may introduce malicious code, manipulate or destroy data, or disrupt, sabotage, and degrade online banking and other technology services.
* **Data Compromise and Theft:** Threat actors may gain unauthorized access to confidential information belonging to the firm, its clients, customers, counterparties, or employees.
* **Financial Loss and Extortion:** Attacks can directly result in stolen money or financial extortion through the use of ransomware.
* **Diverse and Dangerous Threat Actors:** The firm faces sophisticated threats from state-sponsored groups (or terrorist organizations), cyber-criminals, and politically or socially motivated ""hacktivists.""
* **Adverse Consequences:** Any successful attack or breach has the potential to cause serious and significant harm to both JPMorganChase and its clients and customers.",1.32,,0.9,True,"data_manipulation,frequent_attacks,malware,past_and_future_breaches,ransomware,serious_consequences,service_disruption,threat_actors,unauthorized_access"
kitchen_sink,0,"{
  ""key_risks"": [
    ""Cybersecurity risk: frequent attacks from nation-states, criminals, and hacktivists could harm systems and data"",
    ""Data breach risk: unauthorized access may expose confidential information of the bank, clients, or employees"",
    ""Operational disruption risk: malware, sabotage, or DDoS attacks could degrade online banking and other services"",
    ""Financial and extortion risk: cyber attacks could lead to direct theft of funds or ransomware demands"",
    ""Historical precedent risk: past security breaches indicate future incidents are inevitable, potentially causing serious harm""
  ]
}",1.24,,0.6,True,"malware,past_and_future_breaches,ransomware,service_disruption,threat_actors,unauthorized_access"
kitchen_sink,1,"{
  ""key_risks"": [
    ""Cyber security risk: numerous cyber attacks and inevitable future breaches could harm the firm and its clients"",
    ""Data and system integrity risk: attacks may introduce malware, steal or manipulate data, and disrupt online services"",
    ""Financial and extortion risk: cyber threats can result in direct theft of funds or ransomware extortion demands"",
    ""Threat actor risk: attacks originate from sophisticated actors including state-sponsored groups, cyber-criminals, and hacktivists""
  ]
}",1.21,,0.7,True,"data_manipulation,frequent_attacks,malware,past_and_future_breaches,ransomware,service_disruption,threat_actors"
kitchen_sink,2,"{
  ""key_risks"": [
    ""Cyber security risk: frequent attacks could introduce malware, access confidential data, manipulate information, or steal money"",
    ""Operational disruption risk: cyber attacks may disrupt, sabotage, or degrade online banking and other essential services"",
    ""Extortion risk: threat actors may use ransomware to extort money from the firm"",
    ""Geopolitical and state-sponsored threat risk: attacks may originate from hostile countries, terrorist groups, or hacktivists""
  ]
}",1.18,,0.6,True,"data_manipulation,malware,ransomware,service_disruption,theft_of_money,threat_actors"
kitchen_sink,3,"{
  ""key_risks"": [
    ""Cyber security risk: numerous cyber attacks could introduce malware or disrupt banking services"",
    ""Data breach risk: unauthorized access could expose confidential client and employee information"",
    ""Financial loss risk: cyber attacks may lead to stolen funds or costly ransomware extortion"",
    ""Geopolitical and threat actor risk: attacks may originate from hostile states or cyber-criminals""
  ]
}",1.59,,0.6,True,"frequent_attacks,malware,ransomware,service_disruption,threat_actors,unauthorized_access"
kitchen_sink,4,"{
  ""key_risks"": [
    ""Cyber security risk: numerous attacks on systems could introduce malware, access confidential data, or steal money"",
    ""Operational disruption risk: attacks could disrupt online banking, degrade services, or manipulate and destroy data"",
    ""Extortion risk: threat actors could use ransomware to extort money from the firm and its clients"",
    ""Geopolitical and hostile threat risk: attacks may originate from state-sponsored groups, cyber-criminals, or hacktivists"",
    ""Historical vulnerability risk: past security breaches indicate future breaches are inevitable, causing serious harm""
  ]
}",1.29,,0.7,True,"data_manipulation,malware,past_and_future_breaches,ransomware,service_disruption,theft_of_money,threat_actors"
